Training Loss,Validation Loss,Training Accuracy,Validation Accuracy,Training F1,Validation F1
1.8847895896676994,1.9210750005141302,35.838845460012024,35.07664562669071,0.3454458372081126,0.33874562966406724
