Training Loss,Validation Loss,Training Accuracy,Validation Accuracy,Training F1,Validation F1
1.935501207017268,1.9592379168570628,34.791431792559194,33.14543404735062,5.205122067975108,5.189591078066914
